MASTER,オンゲキ,Apollo,15.4
MASTER,オンゲキ,LAMIA,15.4
MASTER,オンゲキ,MarbleBlue.,15.3
MASTER,オンゲキ,Op.I《fear-TITΛN-》,15.2
MASTER,オンゲキ,脳天直撃,15.1
MASTER,オンゲキ,Magical Panic Adventure,15.1
MASTER,オンゲキ,Opfer,15.0
MASTER,オンゲキ,ω4,15.0
MASTER,オンゲキ,Titania,14.9
MASTER,オンゲキ,Good bye Merry-Go-Round.,14.9
MASTER,オンゲキ,Falsum Atlantis.,14.9
MASTER,オンゲキ,Don’t Fight The Music,14.9
MASTER,オンゲキ,Viyella’s Scream,14.9
MASTER,オンゲキ,Cult future,14.9
LUNATIC,LUNATIC,macrocosmos,14.9
MASTER,オンゲキ,Diamond Dust,14.9
MASTER,VARIETY,FREEDOM DiVE,14.9
MASTER,オンゲキ,オンソクデイズ！！,14.9
MASTER,オンゲキ,YURUSHITE,14.8
MASTER,オンゲキ,Viyella’s Tears,14.8
MASTER,オンゲキ,A Man In The Mirror,14.8
MASTER,オンゲキ,Singularity - technoplanet,14.8
MASTER,チュウマイ,QZKago Requiem,14.8
MASTER,チュウマイ,TiamaT：F minor,14.8
MASTER,VARIETY,Re：End of a Dream,14.8
MASTER,オンゲキ,SUPER AMBULANCE,14.8
MASTER,VARIETY,MANIERA REMASTERED,14.8
MASTER,オンゲキ,Final Flash Flight,14.8
LUNATIC,LUNATIC,緋蜂,14.7
MASTER,チュウマイ,otorii INNOVATED -［i］3-,14.7
MASTER,オンゲキ,AstrøNotes.,14.7
MASTER,VARIETY,End Time,14.7
MASTER,オンゲキ,FLUFFY FLASH,14.7
MASTER,チュウマイ,larva,14.7
MASTER,オンゲキ,Adverse Gaff,14.7
MASTER,VARIETY,Love ＆ Justice,14.7
MASTER,チュウマイ,Xevel,14.7
MASTER,オンゲキ,エータ・ベータ・イータ,14.7
MASTER,チュウマイ,Last Celebration,14.7
MASTER,VARIETY,Shamshir -rough Pt.2-,14.7
MASTER,VARIETY,Crimson Phoenix,14.7
MASTER,チュウマイ,Alea jacta est！,14.7
MASTER,VARIETY,In Chaos,14.7
MASTER,オンゲキ,MEGATON BLAST,14.6
MASTER,オンゲキ,心　,14.6
MASTER,オンゲキ,GEOMETRIC DANCE,14.6
MASTER,チュウマイ,World Vanquisher,14.6
LUNATIC,LUNATIC,luna blu,14.6
MASTER,VARIETY,BATTLE NO.1,14.6
MASTER,niconico,ラクガキスト,14.6
MASTER,オンゲキ,μάγια,14.6
MASTER,オンゲキ,RELOAD,14.6
MASTER,オンゲキ,其のエメラルドを見よ,14.6
MASTER,VARIETY,Akasagarbha -reincarnate-,14.6
MASTER,チュウマイ,怒槌,14.5
MASTER,オンゲキ,Aenbharr,14.5
MASTER,オンゲキ,ヒトリボッチサテライト,14.5
MASTER,チュウマイ,Glorious Crown （tpz over-Over-OVERCUTE REMIX）,14.5
MASTER,チュウマイ,Climax,14.5
MASTER,オンゲキ,MAGNETAR GIRL,14.5
MASTER,オンゲキ,ミラージュ・フレイグランス,14.5
MASTER,チュウマイ,TEmPTaTiON,14.5
MASTER,VARIETY,8OROCHI,14.5
MASTER,オンゲキ,Desperado Waltz,14.4
MASTER,VARIETY,Air,14.4
MASTER,チュウマイ,雷切-RAIKIRI-,14.4
MASTER,チュウマイ,宛城、炎上！！,14.4
MASTER,VARIETY,Grievous Lady,14.4
MASTER,オンゲキ,美夜月鏡,14.4
MASTER,VARIETY,Amphisbaena,14.4
MASTER,VARIETY,Showguts,14.4
MASTER,チュウマイ,Trrricksters！！,14.4
MASTER,VARIETY,神威,14.3
MASTER,チュウマイ,混沌を越えし我らが神聖なる調律主を讃えよ,14.3
MASTER,チュウマイ,folern,14.3
MASTER,オンゲキ,Galaxy Blaster,14.3
MASTER,オンゲキ,Stargazing Dreamer,14.3
MASTER,VARIETY,Jack-the-Ripper◆,14.3
MASTER,オンゲキ,ジャンヌ・ダルクの慟哭,14.3
LUNATIC,LUNATIC,最終鬼畜全部声,14.3
MASTER,VARIETY,2112410403927243233368,14.3
MASTER,オンゲキ,YURUSHITE（LeaF Remix）,14.3
MASTER,オンゲキ,Baqeela （Creepy Remix）,14.3
MASTER,niconico,初音ミクの激唱,14.2
LUNATIC,LUNATIC,初音ミクの激唱,14.2
MASTER,チュウマイ,エンドマークに希望と涙を添えて,14.2
MASTER,チュウマイ,Garakuta Doll Play,14.2
MASTER,東方Project,Imperishable Night 2006（2016 Refine）,14.2
MASTER,チュウマイ,Genesis,14.2
MASTER,VARIETY,Sound Chimera,14.2
MASTER,東方Project,Satori ～3rd EyEs （2020 Recall）,14.2
MASTER,VARIETY,Singularity - ETIA.,14.2
MASTER,VARIETY,Altale,14.2
MASTER,VARIETY,DRAGONLADY,14.2
MASTER,POPS＆ANIME,あ・り・ま・す・か？,14.2
MASTER,VARIETY,竹　,14.2
MASTER,東方Project,Everything Will Freeze,14.2
MASTER,オンゲキ,B WiZ U,14.2
MASTER,VARIETY,BLUE ZONE,14.2
LUNATIC,LUNATIC,Calamity Fortune,14.1
MASTER,VARIETY,FREEDOM DiVE （tpz Overcute Remix）,14.1
MASTER,チュウマイ,SILENT BLUE,14.1
MASTER,VARIETY,felys -final remix-,14.1
MASTER,オンゲキ,PinqPiq（xovevox Remix）,14.1
MASTER,オンゲキ,Daydreama,14.1
MASTER,チュウマイ,Oshama Scramble！（Cranky Remix）,14.1
MASTER,オンゲキ,LiftOff,14.1
MASTER,POPS＆ANIME,カナリア,14.1
MASTER,オンゲキ,See The Light,14.1
MASTER,オンゲキ,Daredevil Glaive,14.1
LUNATIC,LUNATIC,セガNET麻雀MJ -O.N.G.E.K.I. MIX-,14.1
MASTER,VARIETY,c.s.q.n.,14.1
MASTER,チュウマイ,Supersonic Generation,14.1
LUNATIC,LUNATIC,六兆年と一夜物語,14.1
MASTER,オンゲキ,霧の書斎,14.1
MASTER,チュウマイ,Blows Up Everything,14.1
MASTER,オンゲキ,Everlasting Today,14.0
MASTER,チュウマイ,7thSense,14.0
MASTER,オンゲキ,Dazzle hop,14.0
MASTER,VARIETY,GOODRAGE,14.0
MASTER,POPS＆ANIME,ジングルベル,14.0
MASTER,オンゲキ,R’N’R Monsta,14.0
MASTER,東方Project,ナイト・オブ・ナイツ（xi Remix）,14.0
MASTER,VARIETY,BBBLOW -rebuild-,14.0
LUNATIC,LUNATIC,回レ！雪月花,14.0
LUNATIC,LUNATIC,Fly to the Leaden Sky -O.N.G.E.K.I. MIX-,14.0
MASTER,チュウマイ,シャッキーーン！！,14.0
MASTER,オンゲキ,GODLINESS,14.0
MASTER,VARIETY,ENERGY SYNERGY MATRIX,14.0
MASTER,オンゲキ,Suspiro,14.0
MASTER,東方Project,神々が恋した幻想郷,14.0
MASTER,オンゲキ,ICEBURN,14.0
MASTER,オンゲキ,Princesses Holiday,14.0
MASTER,オンゲキ,Ai Nov,13.9
MASTER,チュウマイ,閃鋼のブリューナク,13.9
LUNATIC,LUNATIC,ナイト・オブ・ナイツ,13.9
MASTER,オンゲキ,Baqeela,13.9
MASTER,オンゲキ,Mini skirt,13.9
LUNATIC,LUNATIC,ジングルベル,13.9
MASTER,オンゲキ,Last Kingdom,13.9
MASTER,オンゲキ,Vibes 2k20,13.9
LUNATIC,LUNATIC,どどんぱち大音頭,13.9
MASTER,オンゲキ,Ai Drew,13.9
MASTER,オンゲキ,Trinity Departure,13.9
MASTER,東方Project,ナイト・オブ・ナイツ （かめりあ’s“ワンス・アポン・ア・ナイト”Remix）,13.9
LUNATIC,LUNATIC,ハッピータイフーン,13.9
MASTER,オンゲキ,Ruler Count Zero,13.9
MASTER,VARIETY,Singularity - SEGA SOUND STAFF「セガNET麻雀 MJ」,13.9
MASTER,チュウマイ,四月の雨,13.9
MASTER,オンゲキ,colorful transparency,13.9
LUNATIC,LUNATIC,No Limit RED Force,13.9
MASTER,オンゲキ,ゲーミングポーラーベア,13.9
MASTER,niconico,初音天地開闢神話,13.9
MASTER,VARIETY,エピトゥリカの祀,13.9
MASTER,VARIETY,BABYLON,13.9
LUNATIC,LUNATIC,うまぴょい伝説,13.9
MASTER,オンゲキ,Knocking Harder,13.9
MASTER,niconico,パラジクロロベンゼン,13.9
MASTER,niconico,タイガーランペイジ,13.9
MASTER,VARIETY,Electric Emotion,13.9
MASTER,niconico,ぼくらの16bit戦争,13.8
MASTER,VARIETY,conflict,13.8
MASTER,niconico,ギガンティックO.T.N,13.8
MASTER,VARIETY,Duello,13.8
MASTER,オンゲキ,Sparkle,13.8
MASTER,VARIETY,Dreadnought,13.8
MASTER,オンゲキ,アマツカミ,13.8
MASTER,チュウマイ,Summer is over,13.8
LUNATIC,LUNATIC,東亞 -O.N.G.E.K.I. MIX-,13.8
MASTER,VARIETY,Reach for the Stars,13.8
LUNATIC,LUNATIC,ネ！コ！,13.8
MASTER,オンゲキ,最っ高のエンタメだ！！,13.8
MASTER,オンゲキ,A Day in the Patisserie,13.8
MASTER,オンゲキ,Pastel Sprinkles,13.8
MASTER,チュウマイ,Secret Sleuth,13.8
MASTER,オンゲキ,MEGATON BLAST（tpz Overcute Remix）,13.8
MASTER,東方Project,Bad Apple！！（Camellia’s “Bad Psy” Remix）,13.8
MASTER,東方Project,LUNA DIAL -Version X-SAKUYA-,13.8
MASTER,VARIETY,CO5M1C R4ILR0AD,13.8
MASTER,VARIETY,ニニ,13.8
MASTER,東方Project,断罪は遍く人間の元に,13.8
MASTER,オンゲキ,Elusive Emotes,13.8
MASTER,VARIETY,Dement ~after legend~,13.8
LUNATIC,LUNATIC,ブリキノダンス,13.8
LUNATIC,LUNATIC,The world of spirit,13.8
MASTER,VARIETY,STARLIGHT TWILIGHT -GC edit-,13.8
MASTER,チュウマイ,CHOCOLATE BOMB！！！！,13.8
LUNATIC,LUNATIC,YO-KAI Disco,13.8
MASTER,niconico,サイハテ,13.8
MASTER,オンゲキ,まりもとおもちゃ箱,13.8
MASTER,VARIETY,音弾超人ゴリライザー,13.8
MASTER,チュウマイ,Oshama Scramble！,13.7
MASTER,チュウマイ,AMAZING MIGHTYYYY！！！！,13.7
MASTER,niconico,カミサマネジマキ,13.7
MASTER,niconico,クイーンオブハート,13.7
MASTER,東方Project,Calamity Fortune,13.7
MASTER,niconico,初音ミクの消失,13.7
LUNATIC,LUNATIC,Sakura Fubuki,13.7
MASTER,チュウマイ,The wheel to the right,13.7
MASTER,POPS＆ANIME,GO！ GO！ MANIAC,13.7
MASTER,オンゲキ,Touch and Go,13.7
MASTER,オンゲキ,Lazy Addiction,13.7
MASTER,東方Project,ウサテイ,13.7
MASTER,オンゲキ,HONEY-Q,13.7
MASTER,niconico,裏表ラバーズ,13.7
MASTER,オンゲキ,Honey Bear,13.7
MASTER,東方Project,Doll Judgment,13.7
MASTER,VARIETY,Destr0yer,13.7
MASTER,オンゲキ,RED to RED,13.7
MASTER,オンゲキ,Lostwizz,13.7
MASTER,POPS＆ANIME,この番組はうら若き公務員たちの提供でお送りいたします,13.7
MASTER,POPS＆ANIME,藍の華,13.7
MASTER,VARIETY,僕たちの旅とエピローグ。,13.7
MASTER,niconico,夜咄ディセイブ,13.7
MASTER,niconico,撥条少女時計,13.7
MASTER,チュウマイ,U ARE,13.7
EXPERT,オンゲキ,Apollo,13.7
EXPERT,オンゲキ,LAMIA,13.7
MASTER,POPS＆ANIME,ぶいちゅっばの歌,13.7
LUNATIC,LUNATIC,Hide ＆ Attack,13.7
MASTER,オンゲキ,Mizutama-Tripster,13.7
MASTER,チュウマイ,足立オウフwwww,13.7
MASTER,オンゲキ,いつか花咲くその前に,13.7
MASTER,POPS＆ANIME,せーので跳べって言ってんの！,13.7
LUNATIC,LUNATIC,永遠メモリー,13.7
LUNATIC,LUNATIC,Ἀταραξία,13.7
MASTER,POPS＆ANIME,HEAVEN’S RAVE,13.7
EXPERT,オンゲキ,Op.I《fear-TITΛN-》,13.7
MASTER,niconico,ミラクルペイント,13.7
MASTER,niconico,So much loving you★ -DIVA Edit-,13.7
EXPERT,オンゲキ,MarbleBlue.,13.7
MASTER,オンゲキ,Maqrite,13.6
MASTER,東方Project,Destiny Runner,13.6
EXPERT,オンゲキ,Opfer,13.6
MASTER,VARIETY,アリサのテーマ,13.6
MASTER,東方Project,銀のめぐり,13.6
MASTER,niconico,インビジブル,13.6
MASTER,東方Project,ナイト・オブ・ナイツ（Cranky Remix）,13.6
EXPERT,オンゲキ,A Man In The Mirror,13.6
MASTER,オンゲキ,Radiance,13.6
MASTER,チュウマイ,BOKUTO,13.6
MASTER,東方Project,疾走あんさんぶる,13.6
MASTER,オンゲキ,DAWNBREAKER,13.6
LUNATIC,LUNATIC,最強 the サマータイム！！！！！,13.6
MASTER,オンゲキ,Jörqer,13.6
MASTER,オンゲキ,All Right！,13.6
MASTER,niconico,イカサマライフゲイム,13.6
MASTER,VARIETY,迷える音色は恋の唄,13.6
MASTER,オンゲキ,Say Goodbye,13.6
MASTER,東方Project,Bad Apple！！ feat.nomico （豚乙女 Ver.）,13.6
MASTER,オンゲキ,Random Access Emotions,13.6
MASTER,VARIETY,Once in my life,13.6
MASTER,niconico,輪廻転生,13.6
MASTER,niconico,ジャンキーナイトタウンオーケストラ,13.6
MASTER,VARIETY,Cutter,13.6
MASTER,POPS＆ANIME,はっぴぃ にゅう にゃあ,13.6
EXPERT,オンゲキ,Diamond Dust,13.6
MASTER,オンゲキ,Butterfly Wave,13.6
MASTER,オンゲキ,UTOPIA CRASH,13.6
MASTER,niconico,卑怯戦隊うろたんだー,13.6
MASTER,チュウマイ,We Gonna Journey,13.5
MASTER,東方Project,最終鬼畜妹フランドール・Ｓ,13.5
MASTER,オンゲキ,Death Doll,13.5
MASTER,東方Project,妖狐仙楽踏,13.5
MASTER,東方Project,サドマミホリック,13.5
MASTER,POPS＆ANIME,Petit Etoile,13.5
MASTER,チュウマイ,ライトスピード・デイズ,13.5
MASTER,niconico,アンノウン・マザーグース,13.5
MASTER,niconico,深海のリトルクライ feat. 土岐麻子,13.5
MASTER,VARIETY,花たちに希望を,13.5
EXPERT,オンゲキ,Singularity - technoplanet,13.5
MASTER,POPS＆ANIME,スパッと！スパイ＆スパイス,13.5
MASTER,POPS＆ANIME,Phantom Joke,13.5
MASTER,チュウマイ,ツクヨミステップ,13.5
MASTER,VARIETY,Burning Steel Inferno,13.5
MASTER,東方Project,天狗の落とし文 feat. ｙｔｒ,13.5
MASTER,オンゲキ,fulgente （flip-side color mix）,13.5
MASTER,東方Project,ロストワードクロニカル,13.5
MASTER,niconico,幾望の月,13.5
MASTER,POPS＆ANIME,春を告げる,13.5
MASTER,オンゲキ,Catch Me If You Can,13.5
EXPERT,VARIETY,MANIERA REMASTERED,13.5
MASTER,オンゲキ,I got a gig tonight！,13.5
EXPERT,オンゲキ,Magical Panic Adventure,13.5
EXPERT,オンゲキ,其のエメラルドを見よ,13.5
MASTER,オンゲキ,超前進！満点スマイル！,13.5
MASTER,VARIETY,Brain Power,13.4
MASTER,VARIETY,Halcyon,13.4
MASTER,オンゲキ,Dolphika,13.4
MASTER,オンゲキ,Sword of Secret,13.4
MASTER,チュウマイ,ロボットプラネットユートピア,13.4
MASTER,オンゲキ,fulgente,13.4
MASTER,オンゲキ,Chelly spLash♪♪,13.4
MASTER,東方Project,エピクロスの虹はもう見えない,13.4
MASTER,東方Project,Scream out！ -音華鏡 Re：BREAK-,13.4
MASTER,東方Project,患部で止まってすぐ溶ける～狂気の優曇華院,13.4
MASTER,東方Project,全力ハッピーライフ,13.4
MASTER,東方Project,物凄い狂っとるフランちゃんが物凄いうた,13.4
MASTER,VARIETY,ベースラインやってる？笑,13.4
MASTER,POPS＆ANIME,ヒトガタ,13.4
EXPERT,オンゲキ,脳天直撃,13.4
EXPERT,オンゲキ,Stargazing Dreamer,13.4
MASTER,東方Project,Paranoia,13.4
EXPERT,オンゲキ,Don’t Fight The Music,13.4
MASTER,niconico,ボッカデラベリタ,13.4
EXPERT,オンゲキ,Cult future,13.4
MASTER,チュウマイ,STAR,13.4
MASTER,オンゲキ,おやすみのうた,13.4
LUNATIC,LUNATIC,グリーンライツ・セレナーデ,13.4
MASTER,東方Project,悪戯センセーション,13.4
MASTER,東方Project,風に乗せた願い,13.4
MASTER,niconico,ダーリンダンス,13.4
MASTER,オンゲキ,Skip ＆ Smile！！,13.4
MASTER,チュウマイ,福宿音屋魂音泉,13.4
MASTER,VARIETY,rePrayer,13.4
MASTER,niconico,腐れ外道とチョコレゐト,13.4
MASTER,VARIETY,Velaciela （Hyper Mix）,13.4
MASTER,オンゲキ,Vibes 2k20 （owl＊aging remix）,13.4
MASTER,オンゲキ,ブツメツビーターズ,13.3
MASTER,チュウマイ,Kattobi KEIKYU Rider,13.3
MASTER,オンゲキ,TAKE ON THE WORLD,13.3
MASTER,オンゲキ,オンゲキ全域★アカネサマ？,13.3
MASTER,オンゲキ,BOUNCE ＆ DANCE,13.3
MASTER,東方Project,チルノのパーフェクトさんすう教室,13.3
MASTER,niconico,人生リセットボタン,13.3
MASTER,niconico,地球最後の告白を,13.3
MASTER,niconico,ドラマツルギー,13.3
MASTER,オンゲキ,撩乱乙女†無双劇,13.3
MASTER,POPS＆ANIME,Stage of Star,13.3
MASTER,niconico,ナンセンス文学,13.3
MASTER,POPS＆ANIME,よいまちカンターレ,13.3
MASTER,オンゲキ,YAMINABE☆PANIC ～ご馳走詰め込みフルコース～,13.3
EXPERT,オンゲキ,Falsum Atlantis.,13.3
MASTER,niconico,ワールズエンド・ダンスホール,13.3
EXPERT,VARIETY,BATTLE NO.1,13.3
MASTER,POPS＆ANIME,Ahoy！！ 我ら宝鐘海賊団☆,13.3
MASTER,niconico,バイオレンストリガー,13.3
MASTER,オンゲキ,My precious holiday,13.3
MASTER,POPS＆ANIME,ハッピーエンドをはじめから,13.3
MASTER,niconico,電脳少女は歌姫の夢を見るか？,13.3
MASTER,東方Project,お空のニュークリアフュージョン道場,13.3
MASTER,VARIETY,Party 4U ”holy nite mix”,13.3
MASTER,niconico,ワーワーワールド,13.3
MASTER,POPS＆ANIME,Let Me Know （feat. Masayoshi Iimori）,13.3
MASTER,オンゲキ,Island Breeze,13.3
MASTER,チュウマイ,REAL VOICE,13.3
MASTER,niconico,脳漿炸裂ガール,13.2
MASTER,オンゲキ,ロッキンピンクモンスター,13.2
MASTER,チュウマイ,今ぞ♡崇め奉れ☆オマエらよ！！～姫の秘メタル渇望～,13.2
EXPERT,オンゲキ,Titania,13.2
EXPERT,オンゲキ,Viyella’s Tears,13.2
MASTER,niconico,ドーナツホール,13.2
LUNATIC,LUNATIC,からくりピエロ,13.2
MASTER,niconico,トーキョーゲットー,13.2
MASTER,オンゲキ,Heart Cooking Recipe,13.2
MASTER,niconico,セツナトリップ,13.2
MASTER,東方Project,しゅわスパ大作戦☆,13.2
MASTER,チュウマイ,超常マイマイン,13.2
EXPERT,VARIETY,End Time,13.2
MASTER,オンゲキ,Iudicium “Apocalypsis Mix”,13.2
MASTER,POPS＆ANIME,100％ちゅ～学生,13.2
MASTER,POPS＆ANIME,ガヴリールドロップキック,13.2
MASTER,オンゲキ,反撃！ 突撃！ Back To Back！,13.2
EXPERT,オンゲキ,Viyella’s Scream,13.2
MASTER,POPS＆ANIME,Realize,13.2
MASTER,オンゲキ,無敵のフロンティア三銃士,13.2
MASTER,niconico,ラストリゾート,13.2
MASTER,オンゲキ,シンデレラディスコ,13.2
MASTER,POPS＆ANIME,NEXT COLOR PLANET,13.2
MASTER,チュウマイ,天火明命,13.1
MASTER,チュウマイ,Gate of Doom,13.1
MASTER,チュウマイ,Paqqin,13.1
MASTER,VARIETY,Äventyr,13.1
MASTER,niconico,DAYBREAK FRONTLINE,13.1
MASTER,オンゲキ,UTAKATA,13.1
MASTER,POPS＆ANIME,青春サイダー,13.1
MASTER,niconico,デリヘル呼んだら君が来た,13.1
MASTER,niconico,こどものしくみ,13.1
MASTER,niconico,Seyana. ～何でも言うことを聞いてくれるアカネチャン～,13.1
MASTER,オンゲキ,ウキウキ☆Candy！,13.1
EXPERT,オンゲキ,FLUFFY FLASH,13.1
MASTER,POPS＆ANIME,STORIA,13.1
MASTER,niconico,吉原ラメント,13.1
MASTER,POPS＆ANIME,Virtual to LIVE,13.1
MASTER,オンゲキ,give it up to you,13.1
EXPERT,オンゲキ,ジャンヌ・ダルクの慟哭,13.1
EXPERT,チュウマイ,TiamaT：F minor,13.1
MASTER,POPS＆ANIME,Paradisus-Paradoxum,13.1
MASTER,東方Project,ケロ⑨destiny,13.1
MASTER,VARIETY,カラッポ・ノンフィクション,13.1
MASTER,オンゲキ,花時は夢を見る。,13.1
MASTER,オンゲキ,天つ風,13.1
MASTER,POPS＆ANIME,サンダーライン,13.1
MASTER,東方Project,sweet little sister,13.0
MASTER,niconico,幸せになれる隠しコマンドがあるらしい,13.0
EXPERT,チュウマイ,混沌を越えし我らが神聖なる調律主を讃えよ,13.0
MASTER,オンゲキ,TeA,13.0
MASTER,オンゲキ,本能的 Survivor,13.0
EXPERT,オンゲキ,MEGATON BLAST,13.0
MASTER,niconico,アンハッピーリフレイン,13.0
EXPERT,チュウマイ,Garakuta Doll Play,13.0
EXPERT,オンゲキ,ω4,13.0
MASTER,オンゲキ,まっすぐ→→→ストリーム！,13.0
MASTER,オンゲキ,MAKING！ハイタッチ！,13.0
MASTER,オンゲキ,感情アクセラレイション,13.0
MASTER,niconico,フィクサー,13.0
MASTER,チュウマイ,Change Our MIRAI！ （Our 7 Lights）,13.0
MASTER,POPS＆ANIME,Catch the Moment,13.0
MASTER,POPS＆ANIME,INDETERMINATE UNIVERSE,13.0
MASTER,オンゲキ,ぱくぱく☆がーる,13.0
MASTER,POPS＆ANIME,Nameless Story,13.0
MASTER,オンゲキ,Glitter-Glitter,13.0
MASTER,niconico,テオ,13.0
MASTER,niconico,スクランブル交際,13.0
EXPERT,オンゲキ,美夜月鏡,13.0
MASTER,VARIETY,サクライロフワリ,13.0
EXPERT,チュウマイ,QZKago Requiem,13.0
MASTER,niconico,アカリがやってきたぞっ,13.0
MASTER,niconico,ネクストネスト,13.0
MASTER,VARIETY,Psalms ～魂の還るばしょ～,13.0
EXPERT,VARIETY,Shamshir -rough Pt.2-,13.0
MASTER,niconico,Ready Steady,13.0
EXPERT,VARIETY,Crimson Phoenix,13.0
MASTER,POPS＆ANIME,クライノイド,13.0
EXPERT,オンゲキ,オンソクデイズ！！,13.0
MASTER,オンゲキ,Geki Geki！！ 激闘Break Out！！,13.0
MASTER,オンゲキ,P！P！P！P！がおー！！,12.9
MASTER,チュウマイ,Cyberozar,12.9
MASTER,niconico,鬼KYOKAN,12.9
MASTER,オンゲキ,What color...,12.9
MASTER,東方Project,幻想のサテライト,12.9
MASTER,オンゲキ,GAME IS LIFE,12.9
MASTER,チュウマイ,oboro,12.9
EXPERT,チュウマイ,怒槌,12.9
MASTER,チュウマイ,時の冒険者,12.9
MASTER,niconico,星屑ユートピア,12.9
MASTER,東方Project,Necro Fantasia,12.9
MASTER,POPS＆ANIME,ADAMAS,12.9
MASTER,オンゲキ,Splash Dance！！,12.9
MASTER,POPS＆ANIME,お願いマッスル,12.9
MASTER,チュウマイ,でらっくmaimai♪てんてこまい！,12.9
MASTER,東方Project,ルナティックレッドアイズ,12.9
EXPERT,チュウマイ,Glorious Crown （tpz over-Over-OVERCUTE REMIX）,12.9
MASTER,niconico,だれかの心臓になれたなら,12.9
MASTER,チュウマイ,ヤミツキ,12.9
MASTER,POPS＆ANIME,だから僕は音楽を辞めた,12.9
MASTER,POPS＆ANIME,ワタシConnect＊,12.9
MASTER,niconico,あの世行きのバスに乗ってさらば。,12.9
MASTER,niconico,ネガティブ進化論,12.9
MASTER,niconico,とても素敵な六月でした,12.9
MASTER,オンゲキ,レーイレーイ ～超絶最強アメちゃん Mix～,12.9
EXPERT,オンゲキ,エータ・ベータ・イータ,12.9
EXPERT,VARIETY,Re：End of a Dream,12.9
MASTER,東方Project,蛙石,12.9
MASTER,POPS＆ANIME,花ハ踊レヤいろはにほ,12.9
MASTER,POPS＆ANIME,よんでミラクるん！,12.9
EXPERT,オンゲキ,SUPER AMBULANCE,12.9
EXPERT,チュウマイ,TEmPTaTiON,12.9
MASTER,niconico,39みゅーじっく！,12.9
MASTER,niconico,永遠にゲームで対戦したいキリタン,12.9
EXPERT,東方Project,Everything Will Freeze,12.9
MASTER,niconico,悔やむと書いてミライ,12.9
MASTER,POPS＆ANIME,私たち、四季を遊ぶんです！！,12.9
MASTER,POPS＆ANIME,Like the Sun  Like the Moon,12.9
MASTER,POPS＆ANIME,ヒステリックナイトガール,12.9
EXPERT,VARIETY,FREEDOM DiVE,12.9
MASTER,オンゲキ,FANTASY BABY,12.9
MASTER,チュウマイ,マイオドレ！舞舞タイム,12.9
MASTER,チュウマイ,Hyper Active,12.8
MASTER,オンゲキ,SWEET SHAKE！！,12.8
MASTER,東方Project,ナイト・オブ・ナイツ,12.8
MASTER,niconico,チュルリラ・チュルリラ・ダッダッダ！,12.8
MASTER,チュウマイ,Dragoon,12.8
MASTER,niconico,ロキ,12.8
MASTER,niconico,からくりピエロ,12.8
LUNATIC,LUNATIC,STARTLINER,12.8
MASTER,チュウマイ,光線チューニング,12.8
MASTER,POPS＆ANIME,Preserved Roses,12.8
MASTER,POPS＆ANIME,人類みなセンパイ！,12.8
MASTER,POPS＆ANIME,Girls Talk！！,12.8
MASTER,オンゲキ,Let’s Starry Party！,12.8
MASTER,チュウマイ,猫祭り,12.8
MASTER,niconico,ECHO,12.8
EXPERT,オンゲキ,Good bye Merry-Go-Round.,12.8
MASTER,POPS＆ANIME,INSIDE IDENTITY,12.8
MASTER,POPS＆ANIME,ピースサイン,12.8
MASTER,niconico,アンドロイドガール,12.8
MASTER,niconico,スイートマジック,12.8
MASTER,POPS＆ANIME,ゆるゆり、てんやわんや☆,12.8
MASTER,POPS＆ANIME,侵略ノススメ☆,12.8
MASTER,niconico,ベノム,12.8
EXPERT,VARIETY,Sound Chimera,12.8
MASTER,オンゲキ,Over Voltage,12.8
MASTER,東方Project,聖少女サクリファイス,12.8
MASTER,東方Project,明星ロケット,12.8
MASTER,POPS＆ANIME,LINK,12.8
MASTER,POPS＆ANIME,JOINT,12.8
MASTER,niconico,心予報,12.8
MASTER,オンゲキ,STARRED HEART,12.8
MASTER,POPS＆ANIME,Daydream café,12.8
MASTER,東方Project,シアワセうさぎ・ぺこみこマリン（兎田ぺこら、さくらみこ、宝鐘マリン）,12.8
MASTER,niconico,雨とペトラ,12.8
MASTER,POPS＆ANIME,告白バンジージャンプ,12.8
MASTER,チュウマイ,Rendezvous,12.8
MASTER,POPS＆ANIME,おはようジャポニカ,12.8
EXPERT,オンゲキ,ミラージュ・フレイグランス,12.8
MASTER,niconico,泥の分際で私だけの大切を奪おうだなんて,12.8
EXPERT,オンゲキ,Final Flash Flight,12.8
MASTER,niconico,ポジティブ☆ダンスタイム,12.8
MASTER,VARIETY,HELLO SOFMAP WORLD,12.8
MASTER,チュウマイ,ロング・スロー・アライブ,12.8
MASTER,ボーナストラック,STARRED HEART -星咲 あかりソロver.-,12.8
MASTER,ボーナストラック,STARRED HEART -結城 莉玖ソロver.-,12.8
MASTER,ボーナストラック,STARRED HEART -九條 楓ソロver.-,12.8
MASTER,ボーナストラック,STARRED HEART -珠洲島 有栖ソロver.-,12.8
MASTER,ボーナストラック,STARRED HEART -東雲 つむぎソロver.-,12.8
MASTER,VARIETY,The Formula,12.7
EXPERT,オンゲキ,Everlasting Today,12.7
MASTER,東方Project,Bad Apple！！ feat．nomico,12.7
MASTER,東方Project,Energy Booster ～ 上海紅茶館,12.7
MASTER,東方Project,四次元跳躍機関,12.7
MASTER,東方Project,れみりあ☆デスティニー,12.7
MASTER,オンゲキ,Kiss Me Kiss,12.7
MASTER,オンゲキ,Rule the World！！,12.7
MASTER,niconico,ダンスロボットダンス,12.7
MASTER,POPS＆ANIME,The Everlasting Guilty Crown,12.7
EXPERT,オンゲキ,Desperado Waltz,12.7
MASTER,POPS＆ANIME,Hello Morning,12.7
MASTER,POPS＆ANIME,透明声彩,12.7
MASTER,東方Project,Help me ERINNNNNN！！,12.7
MASTER,niconico,彗星ハネムーン,12.7
MASTER,niconico,白い雪のプリンセスは,12.7
MASTER,niconico,愛言葉Ⅲ,12.7
MASTER,POPS＆ANIME,Crow Song,12.7
MASTER,niconico,shake it！,12.7
EXPERT,オンゲキ,Vibes 2k20,12.7
MASTER,niconico,チェチェ・チェック・ワンツー！,12.7
MASTER,POPS＆ANIME,Deep-Connect,12.7
MASTER,POPS＆ANIME,Purple Rays,12.7
MASTER,niconico,Catch the Wave,12.7
MASTER,オンゲキ,絆はずっとGrowing Up！！！,12.7
MASTER,オンゲキ,スン（マイル）フラワー～Sun（Mile）Flower,12.7
MASTER,オンゲキ,No Limit RED Force,12.7
MASTER,POPS＆ANIME,ふわふわ時間（タイム）,12.7
EXPERT,チュウマイ,雷切-RAIKIRI-,12.7
MASTER,niconico,絶対にチョコミントを食べるアオイチャン,12.7
MASTER,niconico,ツギハギスタッカート,12.7
MASTER,ボーナストラック,Kiss Me Kiss -桜井 春菜ソロver.-,12.7
MASTER,ボーナストラック,Kiss Me Kiss -早乙女 彩華ソロver.-,12.7
MASTER,niconico,命に嫌われている,12.7
EXPERT,チュウマイ,larva,12.7
MASTER,niconico,猫猫的宇宙論,12.7
EXPERT,オンゲキ,MEGATON BLAST（tpz Overcute Remix）,12.7
EXPERT,オンゲキ,MAGNETAR GIRL,12.7
MASTER,東方Project,Weekend Clock,12.7
MASTER,チュウマイ,その群青が愛しかったようだった,12.7
MASTER,VARIETY,Burning Hearts ～炎のANGEL～,12.7
MASTER,オンゲキ,Transcend Lights,12.7
MASTER,POPS＆ANIME,うっせぇわ,12.7
MASTER,niconico,KING,12.7
MASTER,POPS＆ANIME,アマカミサマ,12.7
MASTER,オンゲキ,ぽかぽか温泉音頭,12.7
MASTER,POPS＆ANIME,シャノワール,12.7
MASTER,POPS＆ANIME,リテラチュア,12.7
MASTER,POPS＆ANIME,金木犀 feat.Ado,12.7
MASTER,東方Project,回転 feat.あやぽんず＊,12.7
MASTER,POPS＆ANIME,ワガママMIRROR HEART,12.7
MASTER,オンゲキ,Here We Go,12.6
MASTER,東方Project,アクアテラリウム,12.6
MASTER,チュウマイ,こころここから,12.6
MASTER,オンゲキ,Jump！！ Jump！！ Jump！！,12.6
MASTER,オンゲキ,めんどーい！やっほーい！ともだち！,12.6
MASTER,東方Project,Melody！,12.6
EXPERT,オンゲキ,Aenbharr,12.6
MASTER,POPS＆ANIME,Doll’s Destiny,12.6
MASTER,POPS＆ANIME,星屑☆シーカー,12.6
EXPERT,オンゲキ,ヒトリボッチサテライト,12.6
MASTER,niconico,おねがいダーリン,12.6
MASTER,POPS＆ANIME,ヒャダインのカカカタ☆カタオモイ-C,12.6
EXPERT,オンゲキ,AstrøNotes.,12.6
MASTER,POPS＆ANIME,Snow in ”I love you”,12.6
MASTER,東方Project,LOVERS,12.6
EXPERT,VARIETY,Love ＆ Justice,12.6
MASTER,POPS＆ANIME,STYX HELIX,12.6
MASTER,POPS＆ANIME,Hide ＆ Attack,12.6
MASTER,POPS＆ANIME,ミライメモリーズ！,12.6
MASTER,POPS＆ANIME,無敵☆moment,12.6
MASTER,POPS＆ANIME,Departure,12.6
MASTER,チュウマイ,Mare Maris,12.5
MASTER,niconico,キミノヨゾラ哨戒班,12.5
MASTER,オンゲキ,GranFatalité,12.5
MASTER,niconico,ヒバナ,12.5
MASTER,東方Project,東方妖々夢 ～the maximum moving about～,12.5
MASTER,オンゲキ,Starring Stars,12.5
MASTER,オンゲキ,トリドリ⇒モリモリ！Lovely fruits☆,12.5
MASTER,POPS＆ANIME,未来の彼方,12.5
EXPERT,VARIETY,Duello,12.5
EXPERT,オンゲキ,R’N’R Monsta,12.5
MASTER,niconico,メルティランドナイトメア,12.5
MASTER,POPS＆ANIME,ハッピータイフーン,12.5
MASTER,POPS＆ANIME,Believe,12.5
MASTER,POPS＆ANIME,いぇす！ゆゆゆ☆ゆるゆり♪♪,12.5
MASTER,POPS＆ANIME,コネクト,12.5
MASTER,POPS＆ANIME,Shiny Smily Story,12.5
EXPERT,チュウマイ,宛城、炎上！！,12.5
MASTER,niconico,名探偵連続殺人事件,12.5
MASTER,POPS＆ANIME,Sign,12.5
MASTER,niconico,ビターチョコデコレーション,12.5
MASTER,niconico,ウミユリ海底譚,12.5
MASTER,POPS＆ANIME,JUMPin’ JUMP UP！！！！,12.5
EXPERT,オンゲキ,See The Light,12.5
EXPERT,VARIETY,Amphisbaena,12.5
MASTER,niconico,キレキャリオン,12.5
MASTER,POPS＆ANIME,キズナ Sparkling World,12.5
MASTER,東方Project,Nowhere Girl,12.5
MASTER,東方Project,色は匂へど散りぬるを,12.5
MASTER,POPS＆ANIME,700 000 000 000 000 000 000 000の空で,12.5
EXPERT,オンゲキ,RELOAD,12.5
EXPERT,オンゲキ,B WiZ U,12.5
MASTER,POPS＆ANIME,空色メモリーズ,12.5
MASTER,niconico,ビビッドヒーロー,12.5
EXPERT,VARIETY,神威,12.4
MASTER,POPS＆ANIME,ネ！コ！,12.4
MASTER,オンゲキ,最強 the サマータイム！！！！！,12.4
MASTER,オンゲキ,夜明けのストリング,12.4
MASTER,niconico,サマータイムレコード,12.4
MASTER,POPS＆ANIME,Star Divine,12.4
MASTER,niconico,METEOR,12.4
MASTER,POPS＆ANIME,LEVEL5-judgelight-,12.4
MASTER,POPS＆ANIME,わたしたち魔法乙女です☆,12.4
MASTER,POPS＆ANIME,ホシノキズナ,12.4
EXPERT,チュウマイ,otorii INNOVATED -［i］3-,12.4
MASTER,POPS＆ANIME,リトルソルジャー,12.4
EXPERT,チュウマイ,Genesis,12.4
MASTER,POPS＆ANIME,カラフル,12.4
MASTER,POPS＆ANIME,Forever Friends,12.4
MASTER,POPS＆ANIME,進化系Colors,12.4
MASTER,オンゲキ,キミは“見ていたね”？,12.4
MASTER,POPS＆ANIME,EZ DO DANCE,12.4
EXPERT,VARIETY,竹　,12.4
MASTER,POPS＆ANIME,エッビーナースデイ,12.4
MASTER,niconico,セカイはまだ始まってすらいない,12.4
MASTER,niconico,セカイ,12.4
EXPERT,VARIETY,2112410403927243233368,12.4
MASTER,POPS＆ANIME,うまぴょい伝説,12.4
EXPERT,VARIETY,8OROCHI,12.4
EXPERT,オンゲキ,Knocking Harder,12.4
MASTER,オンゲキ,Girl’s Party Planet！,12.4
MASTER,オンゲキ,ランダムサンデー,12.4
EXPERT,VARIETY,Akasagarbha -reincarnate-,12.4
MASTER,niconico,六兆年と一夜物語,12.3
MASTER,niconico,グリーンライツ・セレナーデ,12.3
MASTER,niconico,砂の惑星 feat. HATSUNE MIKU,12.3
EXPERT,オンゲキ,Dazzle hop,12.3
EXPERT,オンゲキ,YURUSHITE,12.3
MASTER,POPS＆ANIME,HARMONIZE,12.3
MASTER,POPS＆ANIME,Connecting Happy！！,12.3
MASTER,東方Project,進捗どうですか？,12.3
MASTER,東方Project,櫻結び,12.3
MASTER,オンゲキ,Y.Y.Y.計画！！！！,12.3
MASTER,niconico,39　,12.3
MASTER,niconico,快晴,12.3
MASTER,POPS＆ANIME,永遠メモリー,12.3
MASTER,オンゲキ,ポケットからぬりつぶせ！,12.3
MASTER,POPS＆ANIME,My Soul Your Beats！,12.3
EXPERT,オンゲキ,Ai Drew,12.3
EXPERT,オンゲキ,Galaxy Blaster,12.3
MASTER,オンゲキ,進め！マイウェイ！,12.3
MASTER,niconico,愛されなくても君がいる,12.3
MASTER,niconico,太陽系デスコ,12.3
MASTER,POPS＆ANIME,クライングハート,12.3
MASTER,POPS＆ANIME,秒針を噛む,12.3
EXPERT,オンゲキ,最っ高のエンタメだ！！,12.3
MASTER,ボーナストラック,ポケットからぬりつぶせ！ -日向 千夏ソロver.-,12.3
MASTER,POPS＆ANIME,Realize！,12.3
MASTER,POPS＆ANIME,Check my soul,12.3
MASTER,niconico,アルカリレットウセイ,12.3
EXPERT,チュウマイ,Supersonic Generation,12.3
MASTER,niconico,空奏列車,12.3
MASTER,POPS＆ANIME,レイル・ロマネスク ハチロクver.,12.3
MASTER,niconico,恋愛裁判,12.3
EXPERT,オンゲキ,μάγια,12.3
MASTER,オンゲキ,Handmade Good Day,12.3
EXPERT,チュウマイ,Alea jacta est！,12.3
MASTER,オンゲキ,涙隠しておんな道,12.3
EXPERT,オンゲキ,Princesses Holiday,12.3
EXPERT,チュウマイ,Blows Up Everything,12.3
EXPERT,チュウマイ,Trrricksters！！,12.3
MASTER,チュウマイ,心象蜃気楼,12.2
MASTER,niconico,木彫り鯰と右肩ゾンビ,12.2
MASTER,niconico,ゴーストルール,12.2
MASTER,東方Project,月に叢雲華に風,12.2
MASTER,niconico,炉心融解,12.2
MASTER,niconico,＊ハロー、プラネット。,12.2
EXPERT,チュウマイ,The wheel to the right,12.2
MASTER,niconico,妄想感傷代償連盟,12.2
MASTER,東方Project,レプリカの恋,12.2
EXPERT,niconico,インビジブル,12.2
EXPERT,オンゲキ,Mini skirt,12.2
MASTER,POPS＆ANIME,スタートライン,12.2
MASTER,POPS＆ANIME,セカイのヒミツ,12.2
MASTER,POPS＆ANIME,ただ君に晴れ,12.2
MASTER,POPS＆ANIME,春擬き,12.2
MASTER,POPS＆ANIME,Contrail ～軌跡～,12.2
EXPERT,VARIETY,Air,12.2
EXPERT,オンゲキ,RED to RED,12.2
MASTER,POPS＆ANIME,紅蓮華,12.2
MASTER,POPS＆ANIME,beautiful tomorrow,12.2
EXPERT,東方Project,ナイト・オブ・ナイツ （かめりあ’s“ワンス・アポン・ア・ナイト”Remix）,12.2
MASTER,POPS＆ANIME,SAKURAスキップ,12.2
MASTER,POPS＆ANIME,初恋は君色メモリー,12.2
MASTER,niconico,Henceforth,12.2
EXPERT,オンゲキ,colorful transparency,12.2
EXPERT,オンゲキ,Pastel Sprinkles,12.2
MASTER,POPS＆ANIME,イルミナージュ・ランド,12.2
EXPERT,チュウマイ,Xevel,12.2
EXPERT,オンゲキ,GODLINESS,12.2
MASTER,POPS＆ANIME,うぇるかむ to ONSEN！！,12.2
MASTER,VARIETY,君のStarlight Road,12.2
MASTER,niconico,幽霊東京,12.2
EXPERT,オンゲキ,YURUSHITE（LeaF Remix）,12.2
EXPERT,オンゲキ,Baqeela （Creepy Remix）,12.2
MASTER,niconico,ヒビカセ,12.1
MASTER,東方Project,寒想桜,12.1
MASTER,東方Project,Colors,12.1
MASTER,オンゲキ,どうぶつ☆パラダイス,12.1
MASTER,POPS＆ANIME,徒花ネクロマンシー,12.1
EXPERT,オンゲキ,GEOMETRIC DANCE,12.1
MASTER,niconico,メーベル（self cover）,12.1
EXPERT,チュウマイ,SILENT BLUE,12.1
EXPERT,オンゲキ,Trinity Departure,12.1
MASTER,オンゲキ,夏色花火,12.1
MASTER,POPS＆ANIME,NATSUKAGE-夏陰-,12.1
MASTER,POPS＆ANIME,五等分の気持ち,12.1
EXPERT,VARIETY,Jack-the-Ripper◆,12.1
EXPERT,VARIETY,Grievous Lady,12.1
MASTER,niconico,タイムマシン,12.1
MASTER,POPS＆ANIME,天空カフェテリア,12.1
EXPERT,オンゲキ,Adverse Gaff,12.1
EXPERT,VARIETY,DRAGONLADY,12.1
MASTER,オンゲキ,Little Twinkle,12.1
MASTER,オンゲキ,Zest of Blue,12.0
MASTER,VARIETY,オモイヨシノ,12.0
MASTER,東方Project,Grip ＆ Break Down！！,12.0
MASTER,niconico,いーあるふぁんくらぶ,12.0
EXPERT,東方Project,Calamity Fortune,12.0
MASTER,niconico,Tell Your World,12.0
MASTER,niconico,シャルル,12.0
MASTER,niconico,メルト,12.0
EXPERT,オンゲキ,HONEY-Q,12.0
MASTER,niconico,乙女解剖,12.0
MASTER,POPS＆ANIME,エブリデイワールド,12.0
EXPERT,オンゲキ,PinqPiq（xovevox Remix）,12.0
EXPERT,オンゲキ,Daydreama,12.0
EXPERT,niconico,ラクガキスト,12.0
MASTER,niconico,Snow Song Show,12.0
EXPERT,チュウマイ,Last Celebration,12.0
MASTER,オンゲキ,Happiness on the Table,12.0
MASTER,オンゲキ,White Magic Night！,12.0
EXPERT,VARIETY,Showguts,12.0
EXPERT,VARIETY,BABYLON,12.0
MASTER,チュウマイ,ＧＯ！ＧＯ！ラブリズム♥,11.9
MASTER,POPS＆ANIME,Los！ Los！ Los！,11.9
MASTER,niconico,天ノ弱,11.9
MASTER,niconico,おこちゃま戦争,11.9
MASTER,niconico,千本桜,11.9
MASTER,チュウマイ,Sentimental Snow,11.9
EXPERT,VARIETY,FREEDOM DiVE （tpz Overcute Remix）,11.9
EXPERT,チュウマイ,World Vanquisher,11.9
MASTER,niconico,Snow Fairy Story,11.9
EXPERT,オンゲキ,Last Kingdom,11.9
EXPERT,東方Project,ナイト・オブ・ナイツ（xi Remix）,11.9
EXPERT,オンゲキ,A Day in the Patisserie,11.9
EXPERT,VARIETY,ENERGY SYNERGY MATRIX,11.9
EXPERT,オンゲキ,Island Breeze,11.9
EXPERT,オンゲキ,ICEBURN,11.9
EXPERT,オンゲキ,Vibes 2k20 （owl＊aging remix）,11.9
MASTER,POPS＆ANIME,シュガーソングとビターステップ,11.8
MASTER,POPS＆ANIME,回レ！雪月花,11.8
MASTER,オンゲキ,タテマエと本心の大乱闘,11.8
EXPERT,チュウマイ,エンドマークに希望と涙を添えて,11.8
MASTER,niconico,ブレス・ユア・ブレス,11.8
EXPERT,オンゲキ,Sparkle,11.8
EXPERT,オンゲキ,DAWNBREAKER,11.8
EXPERT,チュウマイ,Climax,11.8
EXPERT,チュウマイ,シャッキーーン！！,11.8
EXPERT,VARIETY,c.s.q.n.,11.8
EXPERT,チュウマイ,Secret Sleuth,11.8
EXPERT,VARIETY,In Chaos,11.8
EXPERT,チュウマイ,7thSense,11.7
MASTER,niconico,ブリキノダンス,11.7
EXPERT,niconico,カミサマネジマキ,11.7
EXPERT,niconico,初音ミクの消失,11.7
EXPERT,オンゲキ,Touch and Go,11.7
MASTER,POPS＆ANIME,星のダイアローグ,11.7
EXPERT,東方Project,ウサテイ,11.7
MASTER,POPS＆ANIME,お願い☆My Boy,11.7
MASTER,POPS＆ANIME,Brave Song,11.7
MASTER,POPS＆ANIME,SmileAgain,11.7
MASTER,niconico,Hand in Hand - livetune,11.7
EXPERT,VARIETY,felys -final remix-,11.7
EXPERT,オンゲキ,Lostwizz,11.7
EXPERT,オンゲキ,LiftOff,11.7
EXPERT,オンゲキ,Ruler Count Zero,11.7
EXPERT,チュウマイ,四月の雨,11.7
EXPERT,東方Project,LUNA DIAL -Version X-SAKUYA-,11.7
EXPERT,VARIETY,ニニ,11.7
MASTER,POPS＆ANIME,なんどでも笑おう,11.7
EXPERT,VARIETY,Electric Emotion,11.7
MASTER,POPS＆ANIME,鳥の詩,11.6
EXPERT,オンゲキ,Lazy Addiction,11.6
EXPERT,東方Project,Imperishable Night 2006（2016 Refine）,11.6
EXPERT,VARIETY,Dreadnought,11.6
EXPERT,オンゲキ,撩乱乙女†無双劇,11.6
EXPERT,チュウマイ,Oshama Scramble！（Cranky Remix）,11.6
EXPERT,東方Project,Satori ～3rd EyEs （2020 Recall）,11.6
EXPERT,VARIETY,僕たちの旅とエピローグ。,11.6
EXPERT,チュウマイ,U ARE,11.6
EXPERT,VARIETY,CO5M1C R4ILR0AD,11.6
EXPERT,VARIETY,音弾超人ゴリライザー,11.6
MASTER,オンゲキ,Perfect Shining！！,11.5
MASTER,オンゲキ,みんな Happy！！,11.5
EXPERT,VARIETY,GOODRAGE,11.5
EXPERT,オンゲキ,Radiance,11.5
EXPERT,チュウマイ,folern,11.5
EXPERT,オンゲキ,アマツカミ,11.5
EXPERT,VARIETY,花たちに希望を,11.5
EXPERT,オンゲキ,All Right！,11.5
EXPERT,チュウマイ,ヤミツキ,11.5
EXPERT,VARIETY,Singularity - ETIA.,11.5
EXPERT,オンゲキ,Random Access Emotions,11.5
EXPERT,VARIETY,エピトゥリカの祀,11.5
MASTER,VARIETY,檄！帝国華撃団,11.4
MASTER,チュウマイ,First Twinkle,11.4
MASTER,POPS＆ANIME,Cream＋Mint,11.4
EXPERT,VARIETY,conflict,11.4
EXPERT,オンゲキ,Baqeela,11.4
EXPERT,東方Project,疾走あんさんぶる,11.4
EXPERT,VARIETY,Destr0yer,11.4
EXPERT,オンゲキ,Iudicium “Apocalypsis Mix”,11.4
EXPERT,VARIETY,迷える音色は恋の唄,11.4
EXPERT,POPS＆ANIME,カナリア,11.4
EXPERT,オンゲキ,Daredevil Glaive,11.4
EXPERT,VARIETY,Singularity - SEGA SOUND STAFF「セガNET麻雀 MJ」,11.4
EXPERT,東方Project,Bad Apple！！（Camellia’s “Bad Psy” Remix）,11.4
EXPERT,POPS＆ANIME,Paradisus-Paradoxum,11.4
EXPERT,オンゲキ,ゲーミングポーラーベア,11.4
EXPERT,オンゲキ,Elusive Emotes,11.4
EXPERT,VARIETY,Dement ~after legend~,11.4
EXPERT,チュウマイ,CHOCOLATE BOMB！！！！,11.4
EXPERT,niconico,パラジクロロベンゼン,11.4
EXPERT,VARIETY,BLUE ZONE,11.4
EXPERT,オンゲキ,超前進！満点スマイル！,11.4
EXPERT,オンゲキ,アンハッピーリフレイン,11.3
MASTER,POPS＆ANIME,Lost Princess,11.3
EXPERT,niconico,人生リセットボタン,11.3
EXPERT,niconico,裏表ラバーズ,11.3
EXPERT,チュウマイ,BOKUTO,11.3
EXPERT,niconico,イカサマライフゲイム,11.3
EXPERT,東方Project,天狗の落とし文 feat. ｙｔｒ,11.3
EXPERT,東方Project,断罪は遍く人間の元に,11.3
EXPERT,niconico,初音天地開闢神話,11.3
EXPERT,VARIETY,Party 4U ”holy nite mix”,11.3
MASTER,オンゲキ,STARTLINER,11.2
EXPERT,チュウマイ,Hyper Active,11.2
EXPERT,オンゲキ,Death Doll,11.2
EXPERT,オンゲキ,fulgente （flip-side color mix）,11.2
EXPERT,東方Project,ロストワードクロニカル,11.2
EXPERT,niconico,夜咄ディセイブ,11.2
LUNATIC,LUNATIC,STARRED HEART,11.2
EXPERT,niconico,ジャンキーナイトタウンオーケストラ,11.2
EXPERT,オンゲキ,Skip ＆ Smile！！,11.2
EXPERT,niconico,電脳少女は歌姫の夢を見るか？,11.2
EXPERT,POPS＆ANIME,HEAVEN’S RAVE,11.2
EXPERT,niconico,タイガーランペイジ,11.2
EXPERT,東方Project,Doll Judgment,11.1
EXPERT,東方Project,物凄い狂っとるフランちゃんが物凄いうた,11.1
EXPERT,niconico,深海のリトルクライ feat. 土岐麻子,11.1
EXPERT,POPS＆ANIME,Phantom Joke,11.1
EXPERT,VARIETY,Cutter,11.1
EXPERT,東方Project,神々が恋した幻想郷,11.1
EXPERT,オンゲキ,まりもとおもちゃ箱,11.1
EXPERT,チュウマイ,AMAZING MIGHTYYYY！！！！,11.0
EXPERT,オンゲキ,Ai Nov,11.0
EXPERT,niconico,初音ミクの激唱,11.0
EXPERT,東方Project,患部で止まってすぐ溶ける～狂気の優曇華院,11.0
EXPERT,niconico,こどものしくみ,11.0
EXPERT,オンゲキ,Honey Bear,11.0
EXPERT,チュウマイ,Change Our MIRAI！ （Our 7 Lights）,11.0
EXPERT,チュウマイ,Summer is over,11.0
EXPERT,niconico,アンノウン・マザーグース,11.0
EXPERT,VARIETY,Burning Steel Inferno,11.0
EXPERT,オンゲキ,STARRED HEART,11.0
EXPERT,オンゲキ,give it up to you,11.0
EXPERT,オンゲキ,おやすみのうた,11.0
EXPERT,チュウマイ,足立オウフwwww,11.0
EXPERT,オンゲキ,天つ風,11.0
EXPERT,オンゲキ,いつか花咲くその前に,11.0
EXPERT,オンゲキ,Suspiro,11.0
EXPERT,POPS＆ANIME,Let Me Know （feat. Masayoshi Iimori）,11.0
EXPERT,VARIETY,Halcyon,10.7
EXPERT,オンゲキ,Dolphika,10.7
EXPERT,オンゲキ,P！P！P！P！がおー！！,10.7
EXPERT,チュウマイ,Gate of Doom,10.7
EXPERT,オンゲキ,ロッキンピンクモンスター,10.7
EXPERT,チュウマイ,Paqqin,10.7
EXPERT,チュウマイ,閃鋼のブリューナク,10.7
EXPERT,チュウマイ,Kattobi KEIKYU Rider,10.7
EXPERT,niconico,クイーンオブハート,10.7
EXPERT,niconico,星屑ユートピア,10.7
EXPERT,オンゲキ,Chelly spLash♪♪,10.7
EXPERT,オンゲキ,オンゲキ全域★アカネサマ？,10.7
EXPERT,オンゲキ,BOUNCE ＆ DANCE,10.7
EXPERT,東方Project,妖狐仙楽踏,10.7
EXPERT,東方Project,Scream out！ -音華鏡 Re：BREAK-,10.7
EXPERT,POPS＆ANIME,GO！ GO！ MANIAC,10.7
EXPERT,niconico,ギガンティックO.T.N,10.7
EXPERT,東方Project,サドマミホリック,10.7
EXPERT,東方Project,全力ハッピーライフ,10.7
EXPERT,POPS＆ANIME,青春サイダー,10.7
EXPERT,東方Project,ナイト・オブ・ナイツ（Cranky Remix）,10.7
EXPERT,niconico,セツナトリップ,10.7
EXPERT,オンゲキ,Splash Dance！！,10.7
EXPERT,POPS＆ANIME,Nameless Story,10.7
EXPERT,チュウマイ,超常マイマイン,10.7
EXPERT,東方Project,ルナティックレッドアイズ,10.7
EXPERT,POPS＆ANIME,スパッと！スパイ＆スパイス,10.7
EXPERT,オンゲキ,ウキウキ☆Candy！,10.7
EXPERT,niconico,テオ,10.7
EXPERT,VARIETY,Reach for the Stars,10.7
EXPERT,東方Project,Paranoia,10.7
EXPERT,niconico,吉原ラメント,10.7
EXPERT,オンゲキ,Say Goodbye,10.7
EXPERT,niconico,命に嫌われている,10.7
EXPERT,POPS＆ANIME,藍の華,10.7
EXPERT,POPS＆ANIME,Realize,10.7
EXPERT,VARIETY,Altale,10.7
EXPERT,VARIETY,BBBLOW -rebuild-,10.7
EXPERT,niconico,撥条少女時計,10.7
EXPERT,niconico,バイオレンストリガー,10.7
EXPERT,VARIETY,Once in my life,10.7
EXPERT,niconico,幾望の月,10.7
EXPERT,niconico,輪廻転生,10.7
EXPERT,VARIETY,Psalms ～魂の還るばしょ～,10.7
EXPERT,POPS＆ANIME,ぶいちゅっばの歌,10.7
EXPERT,オンゲキ,I got a gig tonight！,10.7
EXPERT,niconico,腐れ外道とチョコレゐト,10.7
EXPERT,オンゲキ,霧の書斎,10.7
EXPERT,POPS＆ANIME,Like the Sun  Like the Moon,10.7
EXPERT,VARIETY,Velaciela （Hyper Mix）,10.7
EXPERT,オンゲキ,Butterfly Wave,10.7
EXPERT,オンゲキ,UTOPIA CRASH,10.7
EXPERT,niconico,ミラクルペイント,10.7
EXPERT,niconico,ポジティブ☆ダンスタイム,10.7
EXPERT,niconico,鬼KYOKAN,10.4
EXPERT,チュウマイ,We Gonna Journey,10.4
EXPERT,東方Project,幻想のサテライト,10.4
EXPERT,niconico,ぼくらの16bit戦争,10.4
EXPERT,東方Project,最終鬼畜妹フランドール・Ｓ,10.4
EXPERT,チュウマイ,ロボットプラネットユートピア,10.4
EXPERT,niconico,ダンスロボットダンス,10.4
EXPERT,オンゲキ,Heart Cooking Recipe,10.4
EXPERT,チュウマイ,ライトスピード・デイズ,10.4
EXPERT,niconico,地球最後の告白を,10.4
EXPERT,POPS＆ANIME,ヒャダインのカカカタ☆カタオモイ-C,10.4
EXPERT,niconico,アンドロイドガール,10.4
EXPERT,niconico,ナンセンス文学,10.4
EXPERT,オンゲキ,Jörqer,10.4
EXPERT,POPS＆ANIME,侵略ノススメ☆,10.4
EXPERT,niconico,ベノム,10.4
EXPERT,チュウマイ,ツクヨミステップ,10.4
EXPERT,東方Project,LOVERS,10.4
EXPERT,niconico,ワールズエンド・ダンスホール,10.4
EXPERT,niconico,あの世行きのバスに乗ってさらば。,10.4
EXPERT,niconico,ボッカデラベリタ,10.4
EXPERT,POPS＆ANIME,Ahoy！！ 我ら宝鐘海賊団☆,10.4
EXPERT,niconico,キレキャリオン,10.4
EXPERT,オンゲキ,シンデレラディスコ,10.4
EXPERT,niconico,とても素敵な六月でした,10.4
EXPERT,チュウマイ,Rendezvous,10.4
EXPERT,オンゲキ,My precious holiday,10.4
EXPERT,チュウマイ,その群青が愛しかったようだった,10.4
ADVANCED,オンゲキ,Apollo,10.4
EXPERT,VARIETY,Burning Hearts ～炎のANGEL～,10.4
EXPERT,niconico,ダーリンダンス,10.4
EXPERT,オンゲキ,Mizutama-Tripster,10.4
EXPERT,東方Project,お空のニュークリアフュージョン道場,10.4
EXPERT,VARIETY,rePrayer,10.4
EXPERT,niconico,悔やむと書いてミライ,10.4
EXPERT,オンゲキ,FANTASY BABY,10.4
EXPERT,niconico,So much loving you★ -DIVA Edit-,10.4
ADVANCED,オンゲキ,其のエメラルドを見よ,10.4
EXPERT,niconico,脳漿炸裂ガール,10.0
EXPERT,チュウマイ,Oshama Scramble！,10.0
EXPERT,チュウマイ,Cyberozar,10.0
EXPERT,東方Project,Destiny Runner,10.0
EXPERT,niconico,チュルリラ・チュルリラ・ダッダッダ！,10.0
EXPERT,オンゲキ,TAKE ON THE WORLD,10.0
EXPERT,オンゲキ,TeA,10.0
EXPERT,東方Project,東方妖々夢 ～the maximum moving about～,10.0
EXPERT,オンゲキ,Rule the World！！,10.0
EXPERT,東方Project,チルノのパーフェクトさんすう教室,10.0
EXPERT,チュウマイ,光線チューニング,10.0
EXPERT,niconico,ドーナツホール,10.0
EXPERT,東方Project,Help me ERINNNNNN！！,10.0
EXPERT,niconico,デリヘル呼んだら君が来た,10.0
EXPERT,niconico,トーキョーゲットー,10.0
EXPERT,niconico,白い雪のプリンセスは,10.0
EXPERT,POPS＆ANIME,ピースサイン,10.0
EXPERT,POPS＆ANIME,Catch the Moment,10.0
EXPERT,niconico,Seyana. ～何でも言うことを聞いてくれるアカネチャン～,10.0
EXPERT,niconico,チェチェ・チェック・ワンツー！,10.0
EXPERT,オンゲキ,絆はずっとGrowing Up！！！,10.0
EXPERT,VARIETY,ベースラインやってる？笑,10.0
EXPERT,POPS＆ANIME,100％ちゅ～学生,10.0
EXPERT,オンゲキ,Glitter-Glitter,10.0
EXPERT,POPS＆ANIME,よいまちカンターレ,10.0
EXPERT,niconico,絶対にチョコミントを食べるアオイチャン,10.0
EXPERT,POPS＆ANIME,STORIA,10.0
EXPERT,niconico,スクランブル交際,10.0
EXPERT,POPS＆ANIME,ワタシConnect＊,10.0
EXPERT,POPS＆ANIME,JOINT,10.0
EXPERT,POPS＆ANIME,Check my soul,10.0
EXPERT,niconico,ラストリゾート,10.0
EXPERT,niconico,雨とペトラ,10.0
EXPERT,オンゲキ,レーイレーイ ～超絶最強アメちゃん Mix～,10.0
EXPERT,チュウマイ,STAR,10.0
EXPERT,東方Project,悪戯センセーション,10.0
ADVANCED,オンゲキ,LAMIA,10.0
EXPERT,POPS＆ANIME,おはようジャポニカ,10.0
EXPERT,POPS＆ANIME,あ・り・ま・す・か？,10.0
EXPERT,VARIETY,カラッポ・ノンフィクション,10.0
EXPERT,オンゲキ,Transcend Lights,10.0
EXPERT,POPS＆ANIME,うっせぇわ,10.0
EXPERT,POPS＆ANIME,NEXT COLOR PLANET,10.0
EXPERT,POPS＆ANIME,ハッピーエンドをはじめから,10.0
EXPERT,オンゲキ,Catch Me If You Can,10.0
EXPERT,チュウマイ,福宿音屋魂音泉,10.0
EXPERT,niconico,永遠にゲームで対戦したいキリタン,10.0
EXPERT,POPS＆ANIME,はっぴぃ にゅう にゃあ,10.0
EXPERT,niconico,Ready Steady,10.0
EXPERT,VARIETY,君のStarlight Road,10.0
EXPERT,VARIETY,STARLIGHT TWILIGHT -GC edit-,10.0
ADVANCED,オンゲキ,Magical Panic Adventure,10.0
EXPERT,POPS＆ANIME,せーので跳べって言ってんの！,10.0
EXPERT,POPS＆ANIME,サンダーライン,10.0
EXPERT,東方Project,回転 feat.あやぽんず＊,10.0
ADVANCED,オンゲキ,Op.I《fear-TITΛN-》,10.0
EXPERT,オンゲキ,Girl’s Party Planet！,10.0
EXPERT,niconico,サイハテ,10.0
EXPERT,チュウマイ,マイオドレ！舞舞タイム,10.0
ADVANCED,オンゲキ,MarbleBlue.,10.0
EXPERT,チュウマイ,ロング・スロー・アライブ,10.0
EXPERT,チュウマイ,REAL VOICE,10.0
EXPERT,オンゲキ,Geki Geki！！ 激闘Break Out！！,10.0